,loss,train_accuracy_history
0,0.22934016788049655,0.9297074808184144
1,0.07598448080716945,0.9754036125319693
2,0.042709571484457275,0.9857736572890026
3,0.036754238359910575,0.9874920076726342
4,0.028109961257139316,0.9904291879795396
5,0.02692733845147846,0.9907488810741688
6,0.01629673877997143,0.9944253516624041
7,0.02221862358927472,0.9927669437340153
8,0.015654446328157615,0.9946251598465473
9,0.018868932108212586,0.9941056585677749
